insert into Persona values
(1,"Miguel","Fernandez"),
("","Marcelo","Juarez"),
("","Margarita","Hidalgo"),
("","Nicolas","Maduro"),
("","Luis","Rodriguez"),
("","Melian","Moreno"),
("","Juan","Garcia"),
("","Pedro","Peña"),
("","Matias","Benitez"),
("","Micaela","Fuentes"),
("","Dylan","Toscano"),
("","Sofia","Cristalino"),
("","Federico","Cristalino"),
("","Claudia","Laprida"),
("","Blanca","Quiroga"),
("","Bianca","Soto"),
("","Franco","Rodriguez"),
("","Bianca","Soto"),
("","Victoria","Cespedes"),
("","Jamil","Cespedes"),
("","Facundo","Abadi"),
("","Martin","Martinez"),
("","Fiorela","Vazquez"),
("","Antonio","Costas"),
("","Manuel", "Gonzales"),
("","Jose Maria","Mayo"),
("","Hernan","Hernandez"),
("","Juan","Dominguez"),
("","Julio","Domingo"),
("","Julia","Ramirez"),
("","Nadia","Guarani"),
("","Kevin","Guarani"),
("","Raul","Damonte"),
("","Miguel","Fernandez"),
("","Anastasia","Romanov"),
("","Micaela","Suarez"),
("","Gustavo","Lopez"),
("","Hector","Caceres"),
("","Osvaldo","Correa"),
("","Joaquin","Ragonese"),
("","Daniel","Alvarez"),
("","Matias","de la Fuente"),
("","Pablo","Cortez"),
("","Emiliano","Estrada"),
("","Loana","Albear"),
("","Samuel","Ontiveros"),
("","Alan","Gomez"),
("","Maximiliano","Ibarra"),
("","Sara","Gustani"),
("","Maria","Martines"),
("","Luciano","Florian"),
("","Maximiliano","Power"),
("","Abel","Muruchi"),
("","Samuel","Condori"),
("","Nicolas","Marquez"),
("","Mariano","Yanani"),
("","Matias","Hernandez"),
("","Isa","Perez"),
("","Matias","Diaz"),
("","Mateo","Hirandez"),
("","Juan","Motta"),
("","Thiago","Martinez"),
("","Thiago","Fernandez"),
("","Fabian","Gutierrez"),
("","Ludmila","Perez"),
("","David","Rojas"),
("","Julio","Argüello"),
("","Patricio","Tamayo"),
("","Modesto","Diaz"),
("","Aziz","Sevillano"),
("","Alicia","Vico"),
("","Sofia","Moreyra"),
("","Carlos", "Moreno"),
("","Mariano", "Caseres"),
("","Maria Laura","Fernandez"),
("","Ricardo", "Bragados"),
("","Pablo", "Lampone"),
("","Daniel","Caamanio"),
("","Miguel", "Hidalgo"),
("","Rosalia", "Meteora"),
("","Manuel","Rejas"),
("","Adrian","Ojeda"),
("","Nicolas","Riquelme"),
("","Joaquin","Estigarribia"),
("","Ariel","Hidalgo"),
("","Marta","Rodriguez"),
("","Eric", "Smith"),
("","Angelica", "Vertruccio"),
("","Brenda", "Lagos"),
("","Ismael", "Fernandez"),
("","Jimi", "Hendrix"),
("","Estela", "Martinez"),
("","Florencia","Suarez"),
("","Juan","Perez"),
("","Ana","Gimenez"),
("","Nicolas", "Osvaldo"),
("","Jimena", "Grimaldi "),
("","Ivan", "Giulkovich"),
("","Noelia", "Giulkovich"),
("","Jose","Ramirez"),
("","Raul","Romero"),
("","Manuel", "Suarez"),
("","Gabriel", "Dominguez"),
("","Romulo", "Romualdo"),
("","Ayden", "Adebayor"),
("","Lucas", "Manuel"),
("","Agustin", "Saponare"),
("","Marisa","Tosi"),
("","Alejandro", "ermes"),
("","Carolina","Aguilar"),
("","Manuel","Diaz"),
("","Hernan","Gomez"),
("","Tomas","Peralta"),
("","Javier","Almida"),
("","Luis","Torres"),
("","Esteban","Rodriguez"),
("","Leonel", "Lopez"),
("","Angel", "Borja"),
("","Facundo", "Vinitzca"),
("","Jerónimo","Stagno"),
("","Agustin","Servantes"),
("","Matias","Antros"),
("","Tulio", "Trivinio"),
("","Lihuel","Sotto"),
("","Sergio","Rosa"),
("","Iker","Carreño"),
("","Jonatan","Valenzuela"),
("","Domingo","Aviles"),
("","Anselmo","Llorente"),
("","Felix","Galvan"),
("","Marcos","Garca"),
("","Emiliano","Yuste"),
("","Celeste","Fuertes"),
("","Dionisio","Escudero"),
("","Adan","Muñoz"),
("","Ernesto","Mellado"),
("","Roger","Pellicer"),
("","Gheorghe","Giner"),
("","Javier","Alegra"),
("","Feliciano","Valdivia"),
("","Baltasar","Merino"),
("","Marti","Mesa"),
("","Irene","Novoa"),
("","Gemma","Alves"),
("","Mihaela","Gago"),
("","Juliana","Patiño"),
("","Mariam","Tortosa"),
("","Lidia","Montoro"),
("","Daniela","Escudero"),
("","Amaia","Salmeron"),
("","Saray","Duran"),
("","Mihaela","Zheng"),
("","Valeria","Vegas"),
("","Saray","Borrego"),
("","Gregoria","Coronado"),
("","Lia","Arana"),
("","Barbara","Jaime"),
("","Mihaela","Jiménez"),
("","Olivia","Gomis"),
("","Nuria","Rincon"),
("","Mireia","Hinojosa"),
("","Claudia","Montilla"),
("","Felisa","Villa"),
("","Eulalia","Martin"),
("","Sergio","Rosa"),
("","Sagrario","Pons"),
("","Marta","Poveda"),
("","Anibal","Vives"),
("","Luz","Font"),
("","Alfonso","Alcazar"),
("","Jamal","Corrales"),
("","Myriam","Duque"),
("","Nicole","Quintero"),
("","Dunia","Rial"),
("","Luz","Vives"),
("","Eric","Amaya"),
("","Jaime","Cuenca"),
("","Naiara","Andujar"),
("","Paulino","Olmos"),
("","Adil","Roca"),
("","Adelina","Zapata"),
("","Guadalupe","Melero"),
("","Mateo","Camara"),
("","Teodoro","Juarez"),
("","Antónia","Florez"),
("","Justa","Ochoa"),
("","Patricio","Echeverria"),
("","Feliciana","Huerta"),
("","Justin","Oliveira"),
("","Flora","Medina");





insert into Federacion values
(100, "Federacion Argentina de Ski y Andinismo", 18),
(101, "Federacion de Ski y Snowboard de Chile", 15),
(102, "U.S. Ski and Snowboard Association", 32),
(103, "Ski United Kingdom Confederation", 21),
(104, "Federation Francaise de Ski", 11),
(105, "Real Federacion Española de Deportes de Invierno", 8);





insert into Estacion values
(150, "Catedral Alta Patagonia", "Alicia M. de Justo 1848", "2944409000", 16.3),
("", "Las Leñas", "RP222", "26274711000", 14.3),
("", "Cerro Castor", "Ruta Nacional 3", "2901499301", 3.9),
("", "El Colorado", "Av. Kennedy 9070", "78977534", 5.6),
("", "Farellones", "Camino los Cóndores 1800", "66484295", 15.4),
("", "La Parva", "Luis Carrera 1263", "29642100", 20),
("", "Vail", "Vail Resorts Management Company", "+19708455745", 13.6),
("", "Aspen Highlands", "P.O.Box 1248", "+19709251220", 2.1),
("", "Hurricane Ridge", "PMB 218", "+13605653131", 13.9),
("", "Glencoe Mountain", "Glencoe Mountain", "+441855851226", 5.8),
("", "Glenshee", "Glenshee Ski Centre Cairnwell", "+441339741320", 10.1),
("", "Nevis Range", "Nevis Range Torlundy", "+441397705825", 12.4),
("", "Beaver Creek", "P.O. Box 7 81658", "+19707544636", 18.9),
("", "Tignes", "73321 Tignes", "+33479400440", 10.8),
("", "La Norma", "73500 La Norma France", "+33479203146", 8.4),
("", "Saint-Lary-Soulan", "65170 Saint-Lary", "+33562395081", 9.3),
("", "Sierra Nevada", "Plaza de Andalucía", "958708090", 27),
("", "Formigal", "Urbanización Formigal 22640", "+34974490000", 13),
("", "La Pinilla", "Cerezo de Arriba 40592", "+34921551113", 10.8);





insert into Administracion values
("100", "150"),
("100", "151"),
("100", "152"),
("100", "153"),
("100", "154"),
("100", "155"),
("101", "155"),
("102", "156"),
("102", "157"),
("102", "158"),
("102", "159"),
("103", "160"),
("103", "161"),
("103", "162"),
("103", "163"),
("103", "164"),
("103", "165"),
("103", "166"),
("103", "167"),
("103", "168"),
("104", "160"),
("104", "161"),
("104", "162"),
("104", "163"),
("104", "164"),
("104", "165"),
("105", "160"),
("105", "161"),
("105", "162"),
("105", "166"),
("105", "167"),
("105", "168");





insert into Contacto values
("200", "1", "150"),
("", "2", "150"),
("", "3", "151"),
("", "4", "151"),
("", "5", "152"),
("", "6", "152"),
("", "7", "153"),
("", "8", "154"),
("", "9", "154"),
("", "10", "155"),
("", "11", "155"),
("", "12", "156"),
("", "13", "156"),
("", "14", "156"),
("", "15", "157"),
("", "16", "157"),
("", "17", "158"),
("", "18", "158"),
("", "19", "159"),
("", "20", "159"),
("", "21", "160"),
("", "22", "160"),
("", "23", "161"),
("", "24", "161"),
("", "25", "162"),
("", "26", "162"),
("", "27", "163"),
("", "28", "163"),
("", "29", "163"),
("", "30", "164"),
("", "31", "164"),
("", "32", "164"),
("", "33", "165"),
("", "34", "165"),
("", "35", "165"),
("", "36", "166"),
("", "37", "166"),
("", "38", "167"),
("", "39", "167"),
("", "40", "168"),
("", "41", "168"),
("", "43", "168"),
("", "44", "168");





insert into Pista values
                
("200", "150", 1.2, "Azul", 0),                                                                             
("", "150", 2.1, "Verde", 0),                                                               
("", "150", 4, "Rojo", 0),                                                              
("", "150", 9, "Negro", 0),                                                             
    ("", "150", 3.3, "Verde", 1), 
                                                            
    ("", "150", 13, "Negro", 1),                                                                 
                                                                                    
("210", "151", 0.5, "Azul", 0),                                                 
("", "151", 1.8, "Verde", 0),                                                   
("", "151", 5, "Rojo", 0),                                                  
("", "151", 7, "Rojo", 0),                                                  
    ("", "151", 13.8, "Negro", 1),                                                  
                                                                                    
("220", "152", 1.4, "Verde", 0),                                                    
("", "152", 2.5, "Verde", 0),                                                   
                                                                                    
("230", "153", 0.4, "Azul", 0),                                                 
("", "153", 2.2, "Verde", 0),                                                   
("", "153", 3, "Verde", 0),                                                 
                                                                                        
("240", "154", 1.8, "Azul", 0),                                                 
("", "154", 2, "Verde", 0),                                                 
("", "154", 6, "Rojo", 0),                                                  
("", "154", 5.6, "Rojo", 0),                                                    
    ("", "154", 11.6, "Rojo", 1),                                                  
                                                                                        
("250", "155", 2, "Azul", 0),                                                   
("", "155", 3.8, "Verde", 0),                                                   
("", "155", 7, "Rojo", 0),                                                  
("", "155", 8.1, "Negro", 0),                                                   
    ("", "155", 5.8, "Rojo", 1),                                                    
    ("", "155", 15.1, "Negro", 1),                                                  

("260", "156", 1, "Azul", 0),                                                   
("", "156", 1.6, "Verde", 0),                                                   
("", "156", 6, "Rojo", 0),                                                  
("", "156", 5, "Rojo", 0),                                                  
    ("", "156", 3.1, "Rojo", 1),                                                    

("270", "157", 0.9, "Azul", 0),                                                 
("", "157", 1.2, "Verde", 0),                                                   

("280", "158", 1.6, "Azul", 0),                                                 
("", "158", 1.8, "Verde", 0),                                                   
("", "158", 3.5, "Rojo", 0),                                                    
("", "158", 7, "Rojo", 0),
    ("", "158", 6.9, "Rojo", 1),                                                    

("290", "159", 1, "Azul", 0),                                                   
("", "159", 2, "Azul", 0),                                                  
("", "159", 2.8, "Verde", 0),                                                   

("300", "160", 1.1, "Azul", 0),                                                 
("", "160", 3, "Verde", 0),                                                 
("", "160", 6, "Rojo", 0),                                                  

("310", "161", 5.4, "Rojo", 0),                                                 
("", "161", 7, "Rojo", 0),                                                  

("320", "162", 2.1, "Azul", 0),                                                 
("", "162", 2.8, "Verde", 0),                                                   
("", "162", 6, "Rojo", 0),                                                  
("", "162", 8, "Negro", 0),                                                 
    ("", "162", 14, "Negro", 1),                                                    

("330", "163", 0.7, "Azul", 0),                                                 
("", "163", 2.6, "Verde", 0),                                                   
("", "163", 1.5, "Verde", 0),                                                   
("", "163", 6, "Rojo", 0),                                                  

("340", "164", 1, "Azul", 0),                                                   
("", "164", 1.8, "Verde", 0),                                                   
("", "164", 5.6, "Rojo", 0),                                                    

("350", "165", 3, "Verde", 0),                                                  
("", "165", 6.3, "Rojo", 0),                                                    

("360", "166", 1, "Azul", 0),                                                   
("", "166", 3.2, "Verde", 0),                                                   
("", "166", 6, "Rojo", 0),                                                  
("", "166", 7.6, "Negro", 0),                                                   
("", "166", 9.2, "Negro", 0),                                                   
    ("", "166", 9.2, "Rojo", 1),                                                    
    ("", "166", 16.8, "Negro", 1),                                                  

("370", "167", 0.4, "Azul", 0),                                                 
("", "167", 1.8, "Verde", 0),                                                       
("", "167", 6, "Rojo", 0),                                                      
("", "167", 4.8, "Rojo", 0),                                                        
    ("", "167", 10.8, "Rojo", 1),                                                       
                                                        
("380", "168", 2.7, "Verde", 0),                                                        
("", "168", 3, "Verde", 0),                                                     
("", "168", 5.1, "Rojo", 0);                                                        
                                                        
insert into Pista_Comp values

("204","200"),("204","201"),
("205","202"),("205","203"),

("214","211"),("214","212"),("214","213"),

("244","242"),("244","243"),

("254","250"),("254","251"),
("255","252"),("255","253"),

("264","261"),("264","262"),

("284","280"),("284","281"),("284","282"),

("324","323"),("324","324"),

("365","361"),("365","362"),
("366","363"),("366","364"),

("374","372"),("374","373");





insert into Esquiador values
("800","100","100","DNI","44595536","1989/8/15"),
("801","105","100","DNI","44523327","1991/4/6" ),
("802","121","100","DNI","34445687","1995/1/4" ),
("803","74","100","DNI","44523327","1977/7/23"),
("804","120","100","DNI","34658944","1978/5/22"),
("805","90","100","DNI","36478298","1999/1/21"),
("806","141","100","DNI","44263814","1991/9/2" ),
("807","158","100","DNI","43570272","1985/4/17"),
("808","103","100","DNI","44520290","1978/7/11"),
("809","61","100","DNI","44520290","1997/1/25"),
    ("","111","100","DNI","44230903","1983/6/11"),
    ("","142","100","DNI","32846783","2001/12/3"),
    ("","137","100","DNI","46166677","2000/2/11"),
    ("","145","100","DNI","46847514","1986/5/9"),
    ("","77","100","DNI","30500505","1976/4/7"),
    ("","156","100","DNI","30241690","1997/11/29"),
    ("","140","100","DNI","40234532","1995/7/2"),
    ("","153","100","DNI","37289212","1994/7/17"),

("818","148","101","CI","20232312","1988/1/8"),
("819","110","101","CI","20230123","1997/11/4"),
("820","159","101","CI","19303691","1980/8/16"),
("821","154","101","CI","25564098","1994/11/23"),
("822","162","101","CI","24213435","1998/7/19"),
("823","155","101","CI","30212912","1976/3/13"),
("824","76","101","CI","21120002","1977/11/26"),
("825","72","101","CI","22213321","1988/6/6"),
("826","91","101","CI","27323192","1985/1/9"),
("827","82","101","CI","30947530","1986/4/17"),
    ("","118","101","CI","32948203","1992/6/2"),
    ("","70","101","CI","35971214","1990/4/13"),
    ("","152","101","CI","29023341","1982/3/8"),
    ("","134","101","CI","28421122","1987/12/14"),
    ("","71","101","CI","27123556","1998/6/3"),

("833","136","102","PC","C03004786","2001/7/23"),
("834","96","102","PC","C02134467","1983/2/8"),
("835","112","102","PC","C21354123","1993/8/22"),
("836","128","102","PC","B03214231","1988/12/28"),
("837","66","102","PC","C03015771","1995/9/5"),
("838","68","102","PC","D02134646","1982/8/21"),
("839","135","102","PC","C13203121","1984/10/1"),
("840","130","102","PC","B51203103","1983/7/26"),
("841","64","102","PC","C01321234","1997/8/21"),
("842","107","102","PC","D00192372","1998/10/30"),
("843","79","102","PC","D21023912","1992/2/4"),
("844","119","102","PC","D22910321","1983/3/13"),
("845","149","102","PC","C02012931","1995/8/28"),
("846","87","102","PC","C21230210","1992/10/8"),
("847","97","102","PC","D19233291","1996/10/20"),
("848","147","102","PC","D01542123","1990/9/15"),
("849","115","102","PC","E00149283","1986/4/11"),
("850","150","102","PC","E02123421","1978/4/9"),
("851","106","102","PC","D17385921","1978/11/9"),
("852","126","102","PC","D01837529","1979/3/20"),
("853","139","102","PC","C03243212","1987/11/22"),
    ("","109","102","PC","C02123243","1986/4/18"),
    ("","75","102","PC","C00212323","1998/5/9"),
    ("","81","102","PC","B21233211","1987/2/29"),
    ("","113","102","PC","B01321232","1998/6/20"),
    ("","78","102","PC","C21233221","2000/1/20"),
    ("","92","102","PC","C00014313","1977/9/23"),
    ("","86","102","PC","C28429132","1976/7/10"),
    ("","73","102","PC","D02214521","2001/12/6"),
    ("","116","102","PC","D92235091","1977/4/16"),
    ("","80","102","PC","B09281321","2000/4/6"),
    ("","124","102","PC","C03921111","1994/9/1"),

("865","65","103","PC","533380006","1983/7/25"),
("866","127","103","PC","532123456","2001/12/30"),
("867","63","103","PC","523125357","1977/8/5"),
("868","102","103","PC","542123456","1991/9/18"),
("869","95","103","PC","501234323","1984/4/23"),
("870","93","103","PC","490212342","1989/7/9"),
("871","101","103","PC","563235456","1979/3/16"),
("872","138","103","PC","500213133","1977/1/28"),
("873","88","103","PC","522123334","1997/3/20"),
("874","84","103","PC","521235766","1993/4/6"),
("875","144","103","PC","576878787","2001/8/19"),
("876","122","103","PC","492123431","1976/6/26"),
    ("","108","103","PC","481234321","1993/8/26"),
    ("","114","103","PC","472019235","1997/1/12"),
    ("","67","103","PC","451293301","1977/7/12"),
    ("","129","103","PC","577891541","1994/2/2"),
    ("","83","103","PC","551029343","1997/10/16"),
    ("","85","103","PC","542104982","1976/5/16"),
    ("","62","103","PC","576331231","1995/5/24"),
    ("","104","103","PC","516542342","1981/1/25"),
    ("","131","103","PC","477321378","1981/10/28"),

("886","133","104","CNI","32069231","1993/4/3"),
("887","125","104","CNI","32960212","1991/2/26"),
("888","98","104","CNI","35109415","1977/1/17"),
("889","117","104","CNI","33209212","1988/7/10"),
("890","161","104","CNI","36231019","1992/3/1"),
("891","146","104","CNI","35212669","1995/11/21"),
    ("","151","104","CNI","34122456","2001/1/27"),
    ("","163","104","CNI","37123454","1999/10/4"),
    ("","123","104","CNI","30122321","1978/10/25"),
    ("","60","104","CNI","32123657","1995/4/17"),
    ("","94","104","CNI","40212345","2001/12/21"),

("897","99","105","DNI","65004204","1982/2/9"),
("898","160","105","DNI","66212111","1992/2/13"),
("899","69","105","DNI","60123434","1988/10/22"),
("900","157","105","DNI","69201321","1998/12/1"),
("901","89","105","DNI","59212799","2001/11/18"),
    ("","132","105","DNI","68048212","1985/4/10"),
    ("","143","105","DNI","57121471","2001/6/5"),
    ("","164","105","DNI","55375212","1991/5/19");





insert into Entrenador values 
("60", "45"),
("", "46"),
("", "47"),
("", "48"),
("", "49"),
("", "50"),
("", "51"),
("", "52"),
("", "53"),
("", "54"),
("", "55");





insert into Equipo values
("500", "Ushuaia Canopy", "60"),
("501", "Rainbow7", "61"),
("504", "Gen G", "63"),
("505", "Santiago Wanderers", "64"),
("502", "Vaevictis", "62"),
("503", "Heretics", "69"),
("506", "Rebirth", "65"),
("507", "Infinity", "66"),
("508", "Damwon", "67"),
("509", "Ice Phoenix", "68"),
("510", "Giants", "63"),
("511", "Cloud9", "69"),
("512", "Fnatic", "70");





insert into Integrante values
("600","500","800"),
("","500","801"),
("","500","802"),
("","500","803"),
("","500","804"),
("","501","805"),
("","501","806"),
("","501","807"),
("","501","808"),
("609","501","809"),

("610","504","818"),
("","504","819"),
("","504","820"),
("","504","821"),
("","504","822"),
("","505","823"),
("","505","824"),
("","505","825"),
("","505","826"),
("619","505","827"),

("620","509","833"),
("","509","834"),
("","509","835"),
("","509","836"),
("","509","837"),
("","510","838"),
("","510","839"),
("","510","840"),
("","510","841"),
("","510","842"),
("","511","843"),
("","511","844"),
("","511","845"),
("","511","846"),
("","511","847"),
("","512","848"),
("","512","849"),
("","512","850"),
("","512","851"),
("","512","852"),
("640","512","853"),

("641","506","865"),
("","506","866"),
("","506","867"),
("","506","868"),
("","507","869"),
("","507","870"),
("","507","871"),
("","507","872"),
("","508","873"),
("","508","874"),
("","508","875"),
("652","508","876"),

("653","503","886"),
("","503","887"),
("","503","888"),
("","503","889"),
("","503","890"),
("658","503","891"),

("659","502","897"),
("","502","898"),
("","502","899"),
("","502","900"),
("663","502","901");









insert into Prueba values
("301","Tigre Audaz","2020/08/04","2020/08/15","slalom"),
("302","Gran Descenso","2020/08/15","2020/08/24","carrera"),
("303","Vuelta al lago de cristal","2020/08/22","2020/08/31","fondo"),
("304","Highlands Circuit","2020/09/02","2020/09/27","slalom"),
("305","Aurora Iris","2020/09/08","2020/09/23","carrera"),
("306","Tiburon Raudo","2020/09/14","2020/09/28","carrera"),
("307","Top to Bottom","2020/09/23","2020/10/02","fondo"),
("308","Convergencia Acelerada","2020/10/04","2020/10/09","slalom"),
("309","Frostfire Gauntlet","2020/10/06","2020/10/19","carrera"),
("310","Winter's Wrath","2020/10/11","2020/10/17","carrera");





insert into Pista_Prueba values
("1200","301","202","2020/08/04"),
("","301","203","2020/08/09"),
("","301","204","2020/08/15"),

("1210","302","214","2020/08/15"),
("","302","220","2020/08/24"),

("1220","303","240","2020/08/22"),
("","303","244","2020/08/31"),

("1230","304","252","2020/09/02"),
("","304","253","2020/09/11"),
("","304","262","2020/09/20"),
("","304","263","2020/09/27"),

("1240","305","282","2020/09/08"),
("","305","283","2020/09/23"),

("1250","306","301","2020/09/14"),
("","306","302","2020/09/28"),

("1260","307","320","2020/09/23"),
("","307","321","2020/09/29"),
("","307","324","2020/10/02"),

("1270","308","330","2020/10/04"),
("","308","330","2020/10/09"),

("1280","309","361","2020/10/06"),
("","309","362","2020/10/11"),
("","309","363","2020/10/19"),

("1290","310","381","2020/10/11"),
("","310","382","2020/10/17");





insert into Participante_Eq values

("9000","500"),
("","501"),
("","502"),
("","503"),
("","504"),
("","505"),
("","506"),
("","507"),
("","508"),
("","509"),
("","510"),
("","511"),
("","512");





insert into Equipo_Prueba values

("11000","9000","301"),
("","9000","303"),
("","9000","306"),

("","9001","301"),
("","9001","302"),

("","9002","303"),
("","9002","306"),

("","9003","302"),
("","9003","306"),
("","9003","310"),

("","9004","304"),
("","9004","305"),

("","9005","302"),
("","9005","304"),

("","9006","302"),
("","9006","308"),

("","9007","302"),
("","9007","308"),

("","9008","307"),
("","9008","309"),

("","9009","309"),
("","9009","307"),

("","9010","305"),
("","9010","304"),

("","9011","307"),
("","9011","310"),

("","9012","306"),
("","9012","308");





insert into Participante_Ind values
("2100", "810", "Argentino"),
("", "811", "Argentino"),
("", "812", "Argentino"),
("", "813", "Argentino"),
("", "814", "Argentino"),
("", "815", "Argentino"),
("", "816", "Argentino"),
("", "817", "Argentino"),

("", "828", "Chileno"),
("", "829", "Chileno"),
("", "830", "Chileno"),
("", "831", "Chileno"),
("", "832", "Chileno"),

("", "854", "Estadounidense"),
("", "855", "Estadounidense"),
("", "856", "Estadounidense"),
("", "857", "Estadounidense"),
("", "858", "Estadounidense"),
("", "859", "Estadounidense"),
("", "860", "Estadounidense"),
("", "861", "Estadounidense"),
("", "862", "Estadounidense"),
("", "863", "Estadounidense"),
("", "864", "Estadounidense"),

("", "877", "Ingles"),
("", "878", "Ingles"),
("", "879", "Ingles"),
("", "880", "Ingles"),
("", "881", "Ingles"),
("", "882", "Ingles"),
("", "883", "Ingles"),
("", "884", "Ingles"),
("", "885", "Ingles"),

("", "892", "Frances"),
("", "893", "Frances"),
("", "894", "Frances"),
("", "895", "Frances"),
("", "896", "Frances"),

("", "902", "Espanol"),
("", "903", "Espanol"),
("", "904", "Espanol");





insert into Prueba_Ind values
("3000", "2120", "301"),
("", "2139", "301"),
("", "2106", "301"),
("", "2110", "301"),

("", "2114", "302"),
("", "2101", "302"),
("", "2108", "302"),

("", "2126", "303"),
("", "2100", "303"),
("", "2140", "303"),
("", "2130", "303"),

("", "2118", "304"),
("", "2131", "304"),
("", "2133", "304"),

("", "2104", "305"),
("", "2121", "305"),
("", "2122", "305"),

("", "2116", "307"),
("", "2129", "307"),
("", "2107", "307");




insert into Tiempo_Ind values

("1200", "2120", "00:08:23", "0"),
("1200", "2139", "00:08:17", "0"),
("1200", "2106", "00:08:09", "0"),
("1200", "2110", "00:08:05", "0"),
("1201", "2120", "00:17:35", "0"),
("1201", "2139", "00:17:42", "0"),
("1201", "2106", "00:17:25", "0"),
("1201", "2110", "00:18:03", "0"),
("1202", "2120", "00:07:12", "1"),
("1202", "2139", "00:06:59", "1"),
("1202", "2106", "00:07:06", "1"),
("1202", "2110", "00:07:18", "1"),

("1210", "2114", "00:25:43", "0"),
("1210", "2101", "00:26:00", "0"),
("1210", "2108", "00:26:21", "0"),
("1211", "2114", "00:02:58", "1"),
("1211", "2101", "00:02:47", "1"),
("1211", "2108", "00:03:03", "1"),

("1220", "2126", "00:03:35", "0"),
("1220", "2100", "00:03:57", "0"),
("1220", "2140", "00:03:24", "0"),
("1220", "2130", "00:03:45", "0"),
("1221", "2126", "00:23:20", "1"),
("1221", "2100", "00:23:58", "1"),
("1221", "2140", "00:23:32", "1"),
("1221", "2130", "00:24:10", "1"),

("1230", "2118", "00:14:53", "0"),
("1230", "2131", "00:14:32", "0"),
("1230", "2133", "00:14:43", "0"),
("1231", "2118", "00:16:23", "0"),
("1231", "2131", "00:16:56", "0"),
("1231", "2133", "00:16:03", "0"),
("1232", "2118", "00:12:05", "0"),
("1232", "2131", "00:11:57", "0"),
("1232", "2133", "00:12:23", "0"),
("1233", "2118", "00:10:29", "1"),
("1233", "2131", "00:10:59", "1"),
("1233", "2133", "00:10:03", "1"),

("1240", "2104", "00:07:59", "0"),
("1240", "2121", "00:07:23", "0"),
("1240", "2122", "00:07:46", "0"),
("1241", "2104", "00:15:06", "1"),
("1241", "2121", "00:15:32", "1"),
("1241", "2122", "00:15:21", "1"),

("1260", "2116", "00:04:25", "0"),
("1260", "2129", "00:04:13", "0"),
("1260", "2107", "00:04:59", "0"),
("1261", "2116", "00:05:12", "0"),
("1261", "2129", "00:05:34", "0"),
("1261", "2107", "00:05:23", "0"),
("1262", "2116", "00:28:58", "1"),
("1262", "2129", "00:29:05", "1"),
("1262", "2107", "00:28:47", "1");


-PERSONA
-FEDERACION
-ESTACION
-ADMINISTRACION
-CONTACTO 
-ENTRENADOR 
-PISTA
-PISTA_COMP 
-ESQUIADOR
-EQUIPO
-INTEGRANTE
-PRUEBA 
-PISTA_PRUEBA
-PARTICIPANTE_EQ
-EQUIPO_PRUEBA
-PARTICIPANTE_IND
-PRUEBA_IND
-TIEMPO_IND


FALTAN
-Tiempo_Int 
-Tiempos_Tot_Eq 
-Posiciones_Eq 

-Tiempo_Tot_Ind 
-Posiciones_Ind 